<?xml version="1.0" encoding="UTF-8"?>
<workflow-app xmlns="uri:oozie:workflow:0.2" name="old-movies">
 <start to="sqoop-node"/>
 <action name="sqoop-node"> <!--node name-->
 <sqoop xmlns="uri:oozie:sqoop-action:0.2">
 <job-tracker>${jobTracker}</job-tracker> <!--job tracking node is http://sandbox.hortonwor
ks.com:8050 which is define in job properties-->
 <name-node>${nameNode}</name-node> <!--name node is http://sandbox.hortonworks.com:8020 whi
ch is defined in job properties-->
 <prepare>
 <delete path="${nameNode}/user/maria_dev/CDW_SAPPCC"/>
  <delete path="${nameNode}/user/maria_dev/CDW_SAPP2"/>
  <delete path="${nameNode}/user/maria_dev/CDW_SAPP3"/>
   <delete path="${nameNode}/user/maria_dev/CDW_SAPP4"/>
 </prepare>
 <configuration>
 <property>
 <name>mapred.job.queue.name</name>
 <value>${queueName}</value>
 </property>
 </configuration>

 
 <command>import --connect jdbc:mysql://localhost/movielens --driver com.mysql.jdbc.Driver -
-table movies -target-dir /user/maria_dev/movies -m 1</command> 

<command>import --connect jdbc:mysql://localhost/movielens --driver com.mysql.jdbc.Driver -
-table movies -target-dir /user/maria_dev/movies -m 1</command> 

<command>import --connect jdbc:mysql://localhost/movielens --driver com.mysql.jdbc.Driver -
-table movies -target-dir /user/maria_dev/movies -m 1</command> 

<command>import --connect jdbc:mysql://localhost/movielens --driver com.mysql.jdbc.Driver -
-table movies -target-dir /user/maria_dev/movies -m 1</command> 



<!-- get data from mysql using sqoop and store data at /user/maria_dev/CDW_SAPP directories -->
 </sqoop>
 <ok to="hive-node"/> <!-- if everything is ok then go to hive node -->
 <error to="fail"/>
  </action>

 <action name="hive-node">
 <hive xmlns="uri:oozie:hive-action:0.2">
 <job-tracker>${jobTracker}</job-tracker>
 <name-node>${nameNode}</name-node>
 <prepare>
 <delete path="${nameNode}/user/maria_dev/oldmovies"/> <!--if oldmovies directory is present in hadoop then this line will delete oldmovies directory because when oldmovies.sql file is run, 
this directry will be created again for new dataset -->
 </prepare>
 <configuration>
 <property>
 <name>mapred.job.queue.name</name>
 <value>${queueName}</value>
 </property>
 </configuration>
 <script>oldmovies.sql</script>
 <param>OUTPUT=/user/maria_dev/oldmovies</param> <!-- this output varibale is define inside
the oldmovies.sql file -->
 </hive>
 <ok to="end"/>
 <error to="fail"/>
 </action>
 <kill name="fail">
 <message>Sqoop failed, error message[${wf:errorMessage(wf:lastErrorNode())}]</message>
 </kill>
 <end name="end"/>
</workflow-app>

